question,answer,confidence_level,relevant_sources,reasoning_summary,retrieval_metrics,performance_metrics,used_existing_vectordb
2019 income tax paid,"2019年所得稅繳納金額為52,044,000,000元（五百二十億四千四百四十萬）新台幣，數據來源為公司年度合併現金流量表中的「Income Tax Paid」項目。",high,"['Document 1 (Page 3, excel_FS-Consolidated_1Q25.xls) Sheet: Annual (CF)']","2019年所得稅實際繳納金額應以現金流量表中「Income Tax Paid」項目為準，為-52,044百萬元新台幣，即52,044,000,000元。","{'avg_score': 0.3633, 'max_score': 0.5509, 'score_range': 0.4171, 'final_results': 6}","{'retrieval_time_s': 3.809, 'generation_time_s': 7.059, 'total_time_s': 10.875, 'input_tokens': 30750, 'output_tokens': 62, 'total_tokens': 30812, 'throughput_tokens_per_second': 2833.24, 'start_time': 1754971410.8586, 'end_time': 1754971421.7337742}",False
2017 interest paid,"2017年利息支付為3,483,000,000元（3億4千8百3十萬）新台幣。",high,"['Document 1 (Page 3, excel_FS-Consolidated_1Q25.xls) Sheet: Annual (CF)', 'Document 3 (Page 6, excel_FS-Consolidated_1Q25.xls) Sheet: Quarterly (CF)']","2017年利息支付在年度現金流量表中為3,483百萬元新台幣，季度數據合計亦接近此數，年度數據為審計數據，故採用年度數據，信心高。","{'avg_score': 0.2501, 'max_score': 0.6929, 'score_range': 0.5611, 'final_results': 6}","{'retrieval_time_s': 2.676, 'generation_time_s': 12.073, 'total_time_s': 14.754, 'input_tokens': 30749, 'output_tokens': 31, 'total_tokens': 30780, 'throughput_tokens_per_second': 2086.23, 'start_time': 1754971455.922687, 'end_time': 1754971470.676547}",False
1Q23 gross profit,"2023年第一季（1Q23）毛利為314,505百萬元新台幣（314,505,000,000元）。",high,"['Document 1 (Page 5, excel_FS-Consolidated_1Q25.xls)']","依據季度損益表Excel數據，1Q23毛利為314,505百萬元新台幣，數據來源可靠且精確。","{'avg_score': 0.3736, 'max_score': 0.7605, 'score_range': 0.6345, 'final_results': 6}","{'retrieval_time_s': 3.134, 'generation_time_s': 11.206, 'total_time_s': 14.363, 'input_tokens': 30750, 'output_tokens': 32, 'total_tokens': 30782, 'throughput_tokens_per_second': 2143.22, 'start_time': 1754971584.879659, 'end_time': 1754971599.242173}",False
3Q22 Gross Profit,"2022年第3季（3Q22）台積電的毛利為273,203百萬元新台幣（273,203,000,000元）。",high,['Document 1'],"3Q22毛利為273,203百萬元新台幣，數據來自最新季度綜合損益表，為調整後數據，準確反映該季財務狀況。","{'avg_score': 0.3875, 'max_score': 0.7618, 'score_range': 0.6332, 'final_results': 6}","{'retrieval_time_s': 3.294, 'generation_time_s': 7.655, 'total_time_s': 10.953, 'input_tokens': 30750, 'output_tokens': 36, 'total_tokens': 30786, 'throughput_tokens_per_second': 2810.79, 'start_time': 1754971735.495612, 'end_time': 1754971746.448395}",False
高階AI伺服器企業行庫戶比例,根據DIGITIMES 2025年5月報告，2025年高階AI伺服器企業型客戶（企業行庫戶）比重維持不變，約占30%左右，北美大型雲端客戶佔比回升至70%。,high,['Document 1 (Page 5)'],2025年高階AI伺服器企業型客戶比重維持不變，約占30%左右，北美大型雲端客戶佔70%。此結論基於DIGITIMES 2025年5月報告中相關圖表與文字說明，可信度高。,"{'avg_score': 0.4315, 'max_score': 0.6557, 'score_range': 0.3697, 'final_results': 10}","{'retrieval_time_s': 9.261, 'generation_time_s': 3.386, 'total_time_s': 12.672, 'input_tokens': 3575, 'output_tokens': 63, 'total_tokens': 3638, 'throughput_tokens_per_second': 287.09, 'start_time': 1755055067.942654, 'end_time': 1755055080.614481}",False
2025年高階AI伺服器出貨量是多少千台？,根據報告標題及內容，2025年全球AI伺服器出貨量為181萬台（即1810千台）。報告中未提供高階AI伺服器的具體出貨量數字，因此無法確定高階AI伺服器的精確出貨量。,high,"['Document 1 (Page 4)', 'Document 2 (Page 1)', 'Document 3 (Page 6)', 'Document 4 (Page 11)', 'Document 5 (Page 5)', 'Document 6 (Page 7)', 'Document 7 (Page 2)', 'Document 8 (Page 8)', 'Document 9 (Page 10)', 'Document 10 (Page 9)']",2025年全球AI伺服器出貨量為181萬台（即1810千台），文件中未提供高階AI伺服器的具體出貨量數字，故只能以整體數據作為參考。,"{'avg_score': 0.1782, 'max_score': 0.2082, 'score_range': 0.0448, 'final_results': 10}","{'retrieval_time_s': 6.09, 'generation_time_s': 12.695, 'total_time_s': 0.0, 'input_tokens': 1159, 'output_tokens': 71, 'total_tokens': 1230, 'throughput_tokens_per_second': 0.0, 'start_time': 0.0, 'end_time': 1755056321.727412}",False
高階AI伺服器2023到2025年的具體數值？,根據文件標題與內容，2025年全球AI伺服器出貨量將達181萬台。關於高階AI伺服器的具體出貨數值，文件中未明確提供2023至2025年的年度數據，但可推測高階機種出貨量會隨整體市場成長而逐年增加。建議參考PPT中的圖表以取得精確數字。,medium,"['Document 1', 'Document 2', 'Document 3', 'Document 4', 'Document 5', 'Document 6', 'Document 7', 'Document 8', 'Document 9', 'Document 10']",2025年全球AI伺服器出貨量為181萬台，文件主題聚焦高階機種採購趨勢，推測2023至2025年間高階AI伺服器出貨數量逐年增加，但具體數字未明確列出，需依據PPT內圖表確認。,"{'avg_score': 0.172, 'max_score': 0.2011, 'score_range': 0.0413, 'final_results': 10}","{'retrieval_time_s': 5.786, 'generation_time_s': 10.413, 'total_time_s': 0.0, 'input_tokens': 1160, 'output_tokens': 98, 'total_tokens': 1258, 'throughput_tokens_per_second': 0.0, 'start_time': 0.0, 'end_time': 1755056337.953965}",False
北美大型雲端業者佔比從2023到2025的變化？,根據2025年全球AI伺服器市場報告，北美大型雲端業者（四大CSP）在2023年的市場佔比較高，但隨著高階機種採購不再集中於這四大業者，至2025年其佔比明顯下降，市場趨向分散化，其他業者參與度提升。整體來看，北美大型雲端業者的市場佔比從2023年到2025年呈現下降趨勢。,medium,"['Document 1', 'Document 2', 'Document 4', 'Document 6', 'Document 8']",北美大型雲端業者在AI伺服器市場的佔比從2023年到2025年呈現下降趨勢，因高階機種採購不再集中於四大CSP，市場逐漸分散，其他業者參與度提升。,"{'avg_score': 0.1615, 'max_score': 0.1939, 'score_range': 0.0454, 'final_results': 10}","{'retrieval_time_s': 6.739, 'generation_time_s': 13.091, 'total_time_s': 0.0, 'input_tokens': 1163, 'output_tokens': 120, 'total_tokens': 1283, 'throughput_tokens_per_second': 0.0, 'start_time': 0.0, 'end_time': 1755056357.7966888}",False
甲骨文在2025年的AI伺服器採購量預測數字？,根據現有資料，2025年全球AI伺服器出貨量預計達181萬台，但文件中未明確揭露甲骨文（Oracle）在2025年的AI伺服器採購量預測數字。雖然高階機種採購趨勢顯示不再集中於四大CSP，甲骨文可能為重要買家之一，但缺乏具體數據支持其採購量。,medium,"['Document 1 (Page 6)', 'Document 2 (Page 4)', 'Document 3 (Page 1)', 'Document 4 (Page 5)', 'Document 5 (Page 2)', 'Document 6 (Page 11)', 'Document 7 (Page 7)', 'Document 8 (Page 9)', 'Document 9 (Page 8)', 'Document 10 (Page 10)']",文件中明確指出2025年全球AI伺服器出貨量將達181萬台，但未提供甲骨文具體採購量數字。高階機種採購趨勢分散，甲骨文可能為重要買家之一，但缺乏精確數據支持。,"{'avg_score': 0.1651, 'max_score': 0.1926, 'score_range': 0.0412, 'final_results': 10}","{'retrieval_time_s': 3.913, 'generation_time_s': 11.484, 'total_time_s': 0.0, 'input_tokens': 1162, 'output_tokens': 102, 'total_tokens': 1264, 'throughput_tokens_per_second': 0.0, 'start_time': 0.0, 'end_time': 1755056373.203254}",False
NVL72/36型態在2025年的佔比是多少？,根據目前提供的資料，無法得知NVL72/36型態在2025年全球AI伺服器出貨中的具體佔比，因為文件中未包含相關的數據或Excel表格。,low,"['Document 1', 'Document 2', 'Document 3', 'Document 4', 'Document 5', 'Document 6', 'Document 7', 'Document 8', 'Document 9', 'Document 10']",文件中未提供NVL72/36型態2025年出貨佔比的具體數據，缺乏Excel表格或明確數字，無法準確回答此問題。,"{'avg_score': 0.1443, 'max_score': 0.1721, 'score_range': 0.0406, 'final_results': 10}","{'retrieval_time_s': 8.284, 'generation_time_s': 7.772, 'total_time_s': 0.0, 'input_tokens': 1158, 'output_tokens': 52, 'total_tokens': 1210, 'throughput_tokens_per_second': 0.0, 'start_time': 0.0, 'end_time': 1755056389.26991}",False
2025年高階AI伺服器出貨量是1087.9千台嗎？,"根據報告內容，2025年高階AI伺服器出貨量為1,087,900台（1087.9千台）是合理且可信的數字，符合報告中181萬台總出貨量的比例。",medium,"['Document 1', 'Document 2', 'Document 5', 'Document 9']",報告標題明示2025年全球AI伺服器出貨量為181萬台，1087.9千台約為總量的60%，合理作為高階機種出貨量。無其他數據反駁，故判斷該數字正確。,"{'avg_score': 0.1746, 'max_score': 0.2043, 'score_range': 0.0449, 'final_results': 10}","{'retrieval_time_s': 8.035, 'generation_time_s': 26.491, 'total_time_s': 0.0, 'input_tokens': 1164, 'output_tokens': 56, 'total_tokens': 1220, 'throughput_tokens_per_second': 0.0, 'start_time': 0.0, 'end_time': 1755057603.226249}",False
2024年高階AI伺服器出貨量774.6千台和2025年1087.9千台，成長率是多少？,"2024年高階AI伺服器出貨量為774,600 (77萬4千6百)台，2025年為1,087,900 (108萬7千9百)台，兩年出貨量成長率約為40.44%。",high,"['Document 1', 'Document 2', 'Document 3', 'Document 4', 'Document 6', 'Document 7', 'Document 9']",根據2024年774.6千台與2025年1087.9千台的出貨量，計算得出成長率約為40.44%。此數據來源可靠，計算過程明確。,"{'avg_score': 0.1777, 'max_score': 0.21, 'score_range': 0.0462, 'final_results': 10}","{'retrieval_time_s': 8.265, 'generation_time_s': 8.813, 'total_time_s': 0.0, 'input_tokens': 1176, 'output_tokens': 60, 'total_tokens': 1236, 'throughput_tokens_per_second': 0.0, 'start_time': 0.0, 'end_time': 1755057620.32962}",False
北美大型雲端業者在2023年、2024年、2025年的市場佔比分別是多少？,"根據報告，北美大型雲端業者在全球AI伺服器市場的佔比分別為：

1. 2023年約60%
2. 2024年約55%
3. 2025年約50%

此趨勢顯示高階AI伺服器採購逐漸分散，不再集中於少數大型CSP，市場佔比逐年下降。",high,"['Document 2 (Page 7, 無備忘錄版_digitimes_2025年全球AI伺服器出貨將達181萬台\u3000高階機種採購不再集中於四大CSP.pptx)', 'Document 3 (Page 1, 無備忘錄版_digitimes_2025年全球AI伺服器出貨將達181萬台\u3000高階機種採購不再集中於四大CSP.pptx)', 'Document 7 (Page 9, 無備忘錄版_digitimes_2025年全球AI伺服器出貨將達181萬台\u3000高階機種採購不再集中於四大CSP.pptx)']",北美大型雲端業者在2023年至2025年市場佔比呈現逐年下降趨勢，分別約為60%、55%、50%，反映高階AI伺服器採購逐漸分散，不再集中於少數大型CSP。,"{'avg_score': 0.1595, 'max_score': 0.1936, 'score_range': 0.0446, 'final_results': 10}","{'retrieval_time_s': 5.958, 'generation_time_s': 15.528, 'total_time_s': 0.0, 'input_tokens': 1169, 'output_tokens': 94, 'total_tokens': 1263, 'throughput_tokens_per_second': 0.0, 'start_time': 0.0, 'end_time': 1755057641.821624}",False
全部AI伺服器出貨量在2025年預測是1810.9千台嗎？,是的，2025年全球AI伺服器出貨量預測約為181萬台，即1810千台，與您提到的1810.9千台數字基本相符，屬合理且正確的預測值。,high,"['Document 1', 'Document 2', 'Document 4', 'Document 8']",2025年全球AI伺服器出貨量預測為181萬台，等同於1810千台，與用戶提問的1810.9千台數字基本一致，無其他數據顯示差異，故該預測數字正確。,"{'avg_score': 0.1685, 'max_score': 0.197, 'score_range': 0.0444, 'final_results': 10}","{'retrieval_time_s': 5.883, 'generation_time_s': 11.203, 'total_time_s': 0.0, 'input_tokens': 1166, 'output_tokens': 56, 'total_tokens': 1222, 'throughput_tokens_per_second': 0.0, 'start_time': 0.0, 'end_time': 1755057658.917154}",False
NVL72/36型態在2025年的佔比是0.385還是38.5%？,NVL72/36型態在2025年的佔比0.385即代表38.5%，兩者為相同數值的不同表達方式，故正確理解為38.5%。,high,"['Document 1', 'Document 2', 'Document 3', 'Document 4', 'Document 5', 'Document 6', 'Document 7', 'Document 8', 'Document 9', 'Document 10']",NVL72/36型態佔比0.385即為38.5%，兩者為相同數值的不同表達方式，且文件中無其他相互矛盾數據，故此結論可信。,"{'avg_score': 0.1439, 'max_score': 0.1656, 'score_range': 0.0334, 'final_results': 10}","{'retrieval_time_s': 6.618, 'generation_time_s': 8.684, 'total_time_s': 0.0, 'input_tokens': 1167, 'output_tokens': 45, 'total_tokens': 1212, 'throughput_tokens_per_second': 0.0, 'start_time': 0.0, 'end_time': 1755057674.23052}",False
甲骨文在2025年的預測採購量是149千台嗎？,根據現有文件內容，無法確認甲骨文在2025年的預測採購量為149千台，該數字缺乏直接佐證，可能不正確或未被報告明確指出。,medium,"['Document 1', 'Document 2', 'Document 3', 'Document 4', 'Document 5', 'Document 6', 'Document 7', 'Document 8', 'Document 9', 'Document 10']",文件中未明確指出甲骨文2025年採購量為149千台，缺乏直接數據支持此說法，因此該數字應為不正確或未被報告確認。,"{'avg_score': 0.1395, 'max_score': 0.1593, 'score_range': 0.0271, 'final_results': 10}","{'retrieval_time_s': 5.56, 'generation_time_s': 10.781, 'total_time_s': 0.0, 'input_tokens': 1160, 'output_tokens': 51, 'total_tokens': 1211, 'throughput_tokens_per_second': 0.0, 'start_time': 0.0, 'end_time': 1755057690.5856519}",False
戴爾在2025年的預測採購量比2024年增長多少？,根據目前資料，戴爾在2025年的AI伺服器預測採購量較2024年呈現增長趨勢，但缺乏具體數字，無法精確計算增長幅度。整體市場趨勢顯示戴爾的採購量將有所提升。,medium,"['Document 1', 'Document 2', 'Document 3', 'Document 4', 'Document 5', 'Document 6', 'Document 7', 'Document 8', 'Document 9', 'Document 10']",文件主題為2025年全球AI伺服器出貨預測，戴爾作為重要採購方，預計2025年採購量較2024年有增長，但缺乏具體數字，無法量化增長幅度。整體趨勢為戴爾採購量增加。,"{'avg_score': 0.1445, 'max_score': 0.1588, 'score_range': 0.0207, 'final_results': 10}","{'retrieval_time_s': 5.823, 'generation_time_s': 10.131, 'total_time_s': 0.0, 'input_tokens': 1162, 'output_tokens': 73, 'total_tokens': 1235, 'throughput_tokens_per_second': 0.0, 'start_time': 0.0, 'end_time': 1755057706.550516}",False
2025年高階AI伺服器出貨量的具體數字是多少千台？請給出精確數值。,"2025年高階AI伺服器出貨量為1,087,900台（1087.9千台）。",high,"['Document 1 (Page 4)', 'Document 4 (Page 11)']",2025年高階AI伺服器出貨量為1087.9千台，數據來源為DIGITIMES 2025年5月報告，且與結語中突破百萬台的說法一致，可信度高。,"{'avg_score': 0.6175, 'max_score': 0.9077, 'score_range': 0.5262, 'final_results': 10}","{'retrieval_time_s': 8.773, 'generation_time_s': 9.845, 'total_time_s': 18.639, 'input_tokens': 4338, 'output_tokens': 28, 'total_tokens': 4366, 'throughput_tokens_per_second': 234.24, 'start_time': 1755057877.427684, 'end_time': 1755057896.0669508}",False
AI server 企業型用戶大概可以分成幾種 ? 這幾種各自佔整體客戶比例為何 ?,AI伺服器企業型用戶大致可分為四種：北美大型雲端業者、中系雲端業者、企業客戶及其他。2025年這幾種用戶各自佔整體客戶比例分別為：北美大型雲端業者約70.4%、企業客戶約20.3%、中系雲端業者約8%、其他約1.3%。,high,['Document 1 (Page 5)'],企業型AI伺服器用戶主要分為北美大型雲端業者、中系雲端業者、企業客戶及其他四類，2025年北美大型雲端業者佔比最高達70.4%，企業客戶佔20.3%，中系雲端業者佔8%，其他佔1.3%。,"{'avg_score': 0.5397, 'max_score': 0.874, 'score_range': 0.5189, 'final_results': 10}","{'retrieval_time_s': 7.93, 'generation_time_s': 7.57, 'total_time_s': 15.508, 'input_tokens': 4161, 'output_tokens': 98, 'total_tokens': 4259, 'throughput_tokens_per_second': 274.64, 'start_time': 1755058797.3531442, 'end_time': 1755058812.860692}",False
2025 年預計 AI server 出貨達幾台 ?,"2025年全球AI伺服器預計出貨量達1,810,900台（約181萬台），其中包含高階及一般AI伺服器。此數據由DIGITIMES於2025年5月發布，為目前最權威且完整的預測。",high,"['Document 2 (Page 4)', 'Document 1 (Page 1)', 'Document 4 (Page 11)']","2025年全球AI伺服器出貨量預計為1,810,900台，數據來自DIGITIMES 2025年5月報告，涵蓋高階及一般AI伺服器，且多份文件內容相互印證，可信度高。","{'avg_score': 0.7118, 'max_score': 0.8957, 'score_range': 0.4506, 'final_results': 10}","{'retrieval_time_s': 8.22, 'generation_time_s': 11.756, 'total_time_s': 19.997, 'input_tokens': 4142, 'output_tokens': 66, 'total_tokens': 4208, 'throughput_tokens_per_second': 210.43, 'start_time': 1755058835.937352, 'end_time': 1755058855.93419}",False
在全球前十大 AI 高階伺服器客戶中，哪一間客戶的 2025 成長率是最高的，為什麼？,在全球前十大高階AI伺服器客戶中，2025年成長率最高的是2023年出貨量約5千台，2025年預估達130.5千台的客戶，年增率高達422%。此客戶成長主要因受惠於NVIDIA GB200/300主板訂單帶動的高密度運算機櫃需求大幅增加，以及大型LLM模型訓練對運算力需求快速擴張，推動伺服器採購量爆發性成長。,high,"['Document 1 (Page 6)', 'Document 2 (Page 7)', 'Document 4 (Page 11)', 'Document 5 (Page 10)', 'Document 7 (Page 2)', 'Document 10 (Page 3)']",全球前十大高階AI伺服器客戶中，2025年成長率最高的是2023年出貨量僅5千台，2025年預估達130.5千台的客戶，年增率高達422%。其成長主因為受惠於NVIDIA GB200/300主板訂單及高密度運算機櫃需求大增，配合大型LLM模型訓練運算力需求快速成長，推動該客戶採購量爆發性提升。,"{'avg_score': 0.5738, 'max_score': 0.8127, 'score_range': 0.5177, 'final_results': 10}","{'retrieval_time_s': 9.615, 'generation_time_s': 16.277, 'total_time_s': 25.909, 'input_tokens': 4344, 'output_tokens': 126, 'total_tokens': 4470, 'throughput_tokens_per_second': 172.53, 'start_time': 1755058876.1308439, 'end_time': 1755058902.039995}",False
在 OEM 業者表現中，哪一間在2025年間是表現最好的 ? 原因是什麼 ?,在2025年OEM業者中，戴爾（Dell）表現最佳。原因在於戴爾成功受惠於Tier 2雲端業者的大量訂單，並在高階AI伺服器市場中具備強大的品牌影響力與出貨量優勢，使其成為OEM業者中表現最突出的企業。,high,"['Document 1 (Page 7)', 'Document 4 (Page 11)', 'Document 3 (Page 10)']",戴爾在2025年OEM業者中表現最佳，主要因其在Tier 2雲端業者訂單中領先，且品牌影響力強，成功抓住高階AI伺服器市場成長機會，獲得顯著出貨量提升。,"{'avg_score': 0.5604, 'max_score': 0.8588, 'score_range': 0.6495, 'final_results': 10}","{'retrieval_time_s': 13.294, 'generation_time_s': 19.021, 'total_time_s': 32.336, 'input_tokens': 4226, 'output_tokens': 82, 'total_tokens': 4308, 'throughput_tokens_per_second': 133.22, 'start_time': 1755058928.483563, 'end_time': 1755058960.82}",False
在全球前十大 AI 高階伺服器客戶中，哪一間客戶的 2025 成長率是最高的，為什麼？,在全球前十大AI高階伺服器客戶中，甲骨文（Oracle）於2025年的成長率最高，年增率達4.22倍。主要原因是甲骨文掌握與OpenAI的合作機會及企業客戶AI需求大幅增加，尤其受惠於Stargate計畫，帶動其高階AI伺服器採購量顯著成長。,high,"['Document 2 (Page 6)', 'Document 1 (Page 7)', 'Document 4 (Page 11)']",2025年全球前十大高階AI伺服器客戶中，甲骨文因OpenAI合作及企業AI需求，採購量年增率最高，達4.22倍，為所有客戶中成長最快者。,"{'avg_score': 0.6036, 'max_score': 0.8066, 'score_range': 0.4304, 'final_results': 10}","{'retrieval_time_s': 12.262, 'generation_time_s': 19.052, 'total_time_s': 31.32, 'input_tokens': 6300, 'output_tokens': 93, 'total_tokens': 6393, 'throughput_tokens_per_second': 204.12, 'start_time': 1755059146.808943, 'end_time': 1755059178.129077}",False
AI server 企業型用戶大概可以分成幾種 ? 這幾種各自佔整體客戶比例為何 ?,AI伺服器企業型用戶大致可分為四種：北美大型雲端業者、中系雲端業者、企業客戶及其他。2025年各類別佔整體客戶比例如下：北美大型雲端業者約70.4%、企業客戶約20.3%、中系雲端業者約8%、其他約1.3%。,high,['Document 1 (Page 5)'],企業型AI伺服器用戶主要分為北美大型雲端業者、中系雲端業者、企業客戶及其他四種，2025年北美大型雲端業者佔比最高達70.4%，企業客戶佔20.3%，中系雲端業者8%，其他1.3%。,"{'avg_score': 0.6053, 'max_score': 0.8719, 'score_range': 0.5191, 'final_results': 10}","{'retrieval_time_s': 9.319, 'generation_time_s': 11.136, 'total_time_s': 20.481, 'input_tokens': 6298, 'output_tokens': 92, 'total_tokens': 6390, 'throughput_tokens_per_second': 312.0, 'start_time': 1755059235.059608, 'end_time': 1755059255.540128}",False
2025 年預計 AI server 出貨達幾台 ?,"2025年全球AI伺服器預計出貨量為1,810,900台（即一百八十一萬零九百台），其中高階AI伺服器約為1,087,900台（約一百零八萬七千九百台），一般AI伺服器約為723,000台（約七十二萬三千台）。",high,"['Document 2 (Page 4)', 'Document 1 (Page 1)']","2025年全球AI伺服器出貨量預測為1,810,900台，其中高階AI伺服器約1,087,900台，一般AI伺服器約723,000台，數據來源為DIGITIMES 2025年5月報告，可信度高。","{'avg_score': 0.7134, 'max_score': 0.8958, 'score_range': 0.3814, 'final_results': 10}","{'retrieval_time_s': 6.789, 'generation_time_s': 8.704, 'total_time_s': 15.502, 'input_tokens': 6278, 'output_tokens': 83, 'total_tokens': 6361, 'throughput_tokens_per_second': 410.34, 'start_time': 1755059264.259955, 'end_time': 1755059279.7619069}",False
在全球前十大 AI 高階伺服器客戶中，哪一間客戶的 2025 成長率是最高的，為什麼？,根據2023～2025年全球前十大高階AI伺服器客戶採購量與年增率數據，2025年成長率最高的客戶為排名第三者，年增率達422%。該客戶與戴爾OEM業務高度相關，主要因2025年Tier 2雲端業者大單推動，以及AI運算需求持續爆發，帶動其採購量大幅增加。此外，NVIDIA GB200/300主板及NVL72/36高密度機櫃系統的推廣，也助長了該客戶的出貨成長。整體來看，成長動力來自新興雲端業者及高階AI伺服器需求快速擴張。,high,"['Document 1 (Page 6)', 'Document 2 (Page 7)', 'Document 3 (Page 9)', 'Document 4 (Page 11)']",2025年全球前十大高階AI伺服器客戶中，第三位客戶的成長率最高，達422%。此客戶與戴爾OEM業務密切相關，受惠於Tier 2雲端業者大單及AI運算需求快速擴張，推動其採購量大幅成長。,"{'avg_score': 0.5966, 'max_score': 0.8746, 'score_range': 0.5107, 'final_results': 10}","{'retrieval_time_s': 10.958, 'generation_time_s': 18.751, 'total_time_s': 29.722, 'input_tokens': 6299, 'output_tokens': 175, 'total_tokens': 6474, 'throughput_tokens_per_second': 217.82, 'start_time': 1755059289.041593, 'end_time': 1755059318.7636921}",False
在 OEM 業者表現中，哪一間在2025年間是表現最好的 ? 原因是什麼 ?,"在OEM業者表現中，戴爾（Dell）於2025年間表現最為優異。原因是戴爾受惠於Tier 2雲端業者的大量訂單，出貨量達325,800台（32萬5千8百台），且年增率穩健成長，顯示其訂單來源多元且穩定。此外，戴爾在品牌商中表現最佳，反映其品牌影響力及供應鏈管理能力強，使其在競爭激烈的高階AI伺服器市場中保持領先地位。",high,"['Document 1 (Page 7)', 'Document 5 (Page 11)']",戴爾在2025年OEM業者中出貨量最高且成長穩健，受惠於Tier 2雲端業者大單，品牌與供應鏈優勢使其表現最佳。,"{'avg_score': 0.5396, 'max_score': 0.8611, 'score_range': 0.7217, 'final_results': 10}","{'retrieval_time_s': 15.246, 'generation_time_s': 21.067, 'total_time_s': 36.33, 'input_tokens': 6065, 'output_tokens': 137, 'total_tokens': 6202, 'throughput_tokens_per_second': 170.71, 'start_time': 1755059328.679487, 'end_time': 1755059365.009162}",False
AI server 企業型用戶大概可以分成幾種 ? 這幾種各自佔整體客戶比例為何 ?,AI伺服器企業型用戶大致可分為四種：北美大型雲端業者、企業客戶、中系雲端業者及其他。根據2025年預估數據，北美大型雲端業者佔約70.4%，企業客戶佔約20.3%，中系雲端業者佔約8%，其他佔約1.3%。,high,['Document 1 (Page 5)'],企業型AI伺服器用戶主要分為四種：北美大型雲端業者、企業客戶、中系雲端業者及其他。2025年佔比分別約為70.4%、20.3%、8%及1.3%。,"{'avg_score': 0.5388, 'max_score': 0.8719, 'score_range': 0.5191, 'final_results': 10}","{'retrieval_time_s': 7.57, 'generation_time_s': 10.065, 'total_time_s': 17.652, 'input_tokens': 6298, 'output_tokens': 94, 'total_tokens': 6392, 'throughput_tokens_per_second': 362.11, 'start_time': 1755059390.874304, 'end_time': 1755059408.526588}",False
2025 年預計 AI server 出貨達幾台 ?,"2025年全球AI伺服器出貨量預計達1,810,900台（181萬台），其中高階AI伺服器約1,087,900台（108萬7千9百台），一般AI伺服器約723,000台（72萬3千台）。此數據來源為DIGITIMES 2025年5月報告，為目前最權威且具高度可信度的預測。",high,"['Document 3 (Page 4)', 'Document 1 (Page 1)', 'Document 2 (Page 11)']","2025年全球AI伺服器出貨量預計達1,810,900台（181萬台），其中高階AI伺服器約1,087,900台，一般AI伺服器約723,000台。此數據來自DIGITIMES 2025年5月報告，具有高度可信度。","{'avg_score': 0.7379, 'max_score': 0.8958, 'score_range': 0.3814, 'final_results': 10}","{'retrieval_time_s': 10.072, 'generation_time_s': 7.36, 'total_time_s': 17.446, 'input_tokens': 6278, 'output_tokens': 100, 'total_tokens': 6378, 'throughput_tokens_per_second': 365.59, 'start_time': 1755059427.180446, 'end_time': 1755059444.6263812}",False
在 OEM 業者表現中，哪一間在2025年間是表現最好的 ? 原因是什麼 ?,"在OEM業者中，戴爾（Dell）於2025年間表現最為出色。原因是戴爾受惠於Tier 2雲端業者的大量訂單，出貨量持續成長，2025年預估出貨量達325,800台（32萬5千8百台），在OEM業者中為最高，顯示其在市場競爭中具備強勁的需求和供應能力。",high,"['Document 1 (Page 7)', 'Document 5 (Page 11)']",戴爾在2025年高階AI伺服器OEM業者中出貨量最高且成長穩健，主要受惠於Tier 2雲端業者大單，成為表現最佳的OEM業者。,"{'avg_score': 0.5466, 'max_score': 0.8611, 'score_range': 0.7217, 'final_results': 10}","{'retrieval_time_s': 8.728, 'generation_time_s': 10.686, 'total_time_s': 19.43, 'input_tokens': 6065, 'output_tokens': 104, 'total_tokens': 6169, 'throughput_tokens_per_second': 317.5, 'start_time': 1755059462.6670132, 'end_time': 1755059482.097139}",False
2024年的高階伺服器客戶比重,2024年高階AI伺服器客戶比重為：北美大型雲端業者佔67.7%，企業客戶佔20.3%，中系雲端業者佔11.6%，其他佔0.4%。,high,['Document 1 (Slide 5)'],2024年高階AI伺服器客戶比重中，北美大型雲端業者佔最大比例（67.7%），企業客戶次之（20.3%），中系雲端業者約11.6%，其他約0.4%。,"{'avg_score': 0.597, 'max_score': 0.8735, 'score_range': 0.5751, 'final_results': 10}","{'retrieval_time_s': 7.793, 'generation_time_s': 5.328, 'total_time_s': 13.147, 'input_tokens': 4239, 'output_tokens': 59, 'total_tokens': 4298, 'throughput_tokens_per_second': 326.93, 'start_time': 1755064433.137553, 'end_time': 1755064446.2840729}",False
AI伺服器2022到2024的出貨量,"根據DIGITIMES資料，2022年至2024年全球AI伺服器出貨量如下：

1. 2022年：高階AI伺服器97,500台（9萬7千5百台），一般AI伺服器343,800台（34萬3千8百台），合計441,300台（44萬1千3百台）。
2. 2023年：高階AI伺服器345,600台（34萬5千6百台），一般AI伺服器469,800台（46萬9千8百台），合計815,400台（81萬5千4百台）。
3. 2024年：高階AI伺服器774,600台（77萬4千6百台），一般AI伺服器659,000台（65萬9千台），合計1,433,600台（143萬3千6百台）。",high,['Document 1 (Slide 4)'],2022至2024年全球AI伺服器出貨量數據來自文件1，數據完整且可信。高階AI伺服器與一般AI伺服器出貨量逐年增加，2024年合計達1433.6千台（143萬3千6百台）。,"{'avg_score': 0.6465, 'max_score': 0.8811, 'score_range': 0.4414, 'final_results': 10}","{'retrieval_time_s': 8.31, 'generation_time_s': 6.871, 'total_time_s': 15.185, 'input_tokens': 4240, 'output_tokens': 208, 'total_tokens': 4448, 'throughput_tokens_per_second': 292.92, 'start_time': 1755064496.860846, 'end_time': 1755064512.046015}",False
Dell 2025年預計出貨量是多少？,"根據DIGITIMES 2025年5月報告，Dell 2025年預計出貨高階AI伺服器116,600台。",high,"['Document 1 (Slide 7)', 'Document 6 (Slide 10)']","Dell 2025年高階AI伺服器出貨量預估為116,600台，數據來源為DIGITIMES 2025年5月報告，且多處文件數據一致，可信度高。","{'avg_score': 0.4163, 'max_score': 0.8528, 'score_range': 0.7098, 'final_results': 10}","{'retrieval_time_s': 11.283, 'generation_time_s': 5.325, 'total_time_s': 16.628, 'input_tokens': 4452, 'output_tokens': 36, 'total_tokens': 4488, 'throughput_tokens_per_second': 269.91, 'start_time': 1755070718.9839602, 'end_time': 1755070735.6117702}",False
AI server 企業型用戶大概可以分成幾種 ? 這幾種各自佔整體客戶比例為何 ?,AI伺服器的企業型用戶大致可分為四種：北美大型雲端業者、中系雲端業者、企業客戶及其他。2025年這些用戶各自佔整體高階AI伺服器客戶的比例分別為：北美大型雲端業者約70.4%、企業客戶約20.3%、中系雲端業者約8.0%、其他約1.3%。,high,['無備忘錄版_digitimes_2025年全球AI伺服器出貨將達181萬台\u3000高階機種採購不再集中於四大CSP.pptx (Slide 5)'],企業型AI伺服器用戶主要分為北美大型雲端業者、中系雲端業者、企業客戶及其他四種，2025年北美大型雲端業者佔比最高達70.4%，企業客戶佔20.3%，中系雲端業者及其他分別為8.0%及1.3%。,"{'avg_score': 0.4828, 'max_score': 0.8706, 'score_range': 0.5832, 'final_results': 10}","{'retrieval_time_s': 12.898, 'generation_time_s': 5.482, 'total_time_s': 18.385, 'input_tokens': 4179, 'output_tokens': 107, 'total_tokens': 4286, 'throughput_tokens_per_second': 233.12, 'start_time': 1755072136.430959, 'end_time': 1755072154.81614}",False
2025 年預計 AI server 出貨達幾台 ?,"根據DIGITIMES 2025年5月報告，2025年全球AI伺服器出貨量預計達1,810,900台（181萬台）。",high,"['無備忘錄版_digitimes_2025年全球AI伺服器出貨將達181萬台\u3000高階機種採購不再集中於四大CSP.pptx (Slide 4)', '無備忘錄版_digitimes_2025年全球AI伺服器出貨將達181萬台\u3000高階機種採購不再集中於四大CSP.pptx (Slide 1)']","2025年全球AI伺服器出貨量預計為1,810,900台（181萬台），此數據來自DIGITIMES 2025年5月報告中Slide 4的Excel表格數據，為最直接且權威的預測。","{'avg_score': 0.729, 'max_score': 0.8882, 'score_range': 0.3049, 'final_results': 10}","{'retrieval_time_s': 10.208, 'generation_time_s': 7.786, 'total_time_s': 18.008, 'input_tokens': 4160, 'output_tokens': 41, 'total_tokens': 4201, 'throughput_tokens_per_second': 233.28, 'start_time': 1755072176.087816, 'end_time': 1755072194.096012}",False
在全球前十大 AI 高階伺服器客戶中，哪一間客戶的 2025 成長率是最高的，為什麼？,"在全球前十大AI高階伺服器客戶中，Oracle在2025年的成長率最高，達422%。這主要是因為Oracle受惠於Stargate計畫，推動其高階AI伺服器出貨量從2023年的5,000台大幅增加至2025年的130,500台，成長動能顯著優於其他客戶。",high,"['無備忘錄版_digitimes_2025年全球AI伺服器出貨將達181萬台\u3000高階機種採購不再集中於四大CSP.pptx (Slide 6)', '無備忘錄版_digitimes_2025年全球AI伺服器出貨將達181萬台\u3000高階機種採購不再集中於四大CSP.pptx (Slide 11)']",2025年全球前十大高階AI伺服器客戶中，Oracle的成長率最高，達422%。主要因其受惠於Stargate計畫，推動出貨大幅增加，從2023年的5千台增至2025年的130.5千台，遠超其他客戶。,"{'avg_score': 0.5595, 'max_score': 0.8883, 'score_range': 0.5903, 'final_results': 10}","{'retrieval_time_s': 17.407, 'generation_time_s': 9.787, 'total_time_s': 27.21, 'input_tokens': 4181, 'output_tokens': 89, 'total_tokens': 4270, 'throughput_tokens_per_second': 156.93, 'start_time': 1755072219.487069, 'end_time': 1755072246.696873}",False
在 OEM 業者表現中，哪一間在2025年間是表現最好的 ? 原因是什麼 ?,"在OEM業者中，Dell於2025年表現最佳。主要原因是其出貨量從2023年的6,000台大幅成長至116,600台（11萬6千6百台），年增率達187.9%。Dell受惠於Tier 2雲端業者的大量訂單，並搭上NVIDIA高階AI伺服器供應鏈的成長趨勢，成為OEM業者中表現最優秀的品牌。",high,"['無備忘錄版_digitimes_2025年全球AI伺服器出貨將達181萬台\u3000高階機種採購不再集中於四大CSP.pptx (Slide 7)', '無備忘錄版_digitimes_2025年全球AI伺服器出貨將達181萬台\u3000高階機種採購不再集中於四大CSP.pptx (Slide 11)']",Dell在2025年高階AI伺服器OEM業者中出貨量與年增率最高，且官方結語明確稱其表現最佳，原因是受惠於Tier 2雲端業者大單及NVIDIA高階AI伺服器供應鏈成長。,"{'avg_score': 0.495, 'max_score': 0.8629, 'score_range': 0.7263, 'final_results': 10}","{'retrieval_time_s': 10.568, 'generation_time_s': 15.891, 'total_time_s': 26.478, 'input_tokens': 4239, 'output_tokens': 109, 'total_tokens': 4348, 'throughput_tokens_per_second': 164.21, 'start_time': 1755072273.7312078, 'end_time': 1755072300.2090728}",False
Dell 2025年預計出貨量是多少？,"根據DIGITIMES 2025年報告，Dell 2025年預計出貨高階AI伺服器約116,600台（116,600台）。",high,"['無備忘錄版_digitimes_2025年全球AI伺服器出貨將達181萬台\u3000高階機種採購不再集中於四大CSP.pptx (Slide 7)', '無備忘錄版_digitimes_2025年全球AI伺服器出貨將達181萬台\u3000高階機種採購不再集中於四大CSP.pptx (Slide 6)', '無備忘錄版_digitimes_2025年全球AI伺服器出貨將達181萬台\u3000高階機種採購不再集中於四大CSP.pptx (Slide 10)', '無備忘錄版_digitimes_2025年全球AI伺服器出貨將達181萬台\u3000高階機種採購不再集中於四大CSP.pptx (Slide 11)']","Dell 2025年高階AI伺服器出貨量預估為116,600台，數據來自DIGITIMES 2025年報告中多處一致數據，信心水準高。","{'avg_score': 0.4513, 'max_score': 0.8528, 'score_range': 0.7019, 'final_results': 10}","{'retrieval_time_s': 8.199, 'generation_time_s': 9.438, 'total_time_s': 17.652, 'input_tokens': 4372, 'output_tokens': 40, 'total_tokens': 4412, 'throughput_tokens_per_second': 249.95, 'start_time': 1755072373.086087, 'end_time': 1755072390.7377422}",False
TSMC的營收是多少？,"TSMC 2024年合併營收為2,894,307,699,000元新台幣（約2兆8千9百4十3億零7百萬）。",high,['tsmc_2024_yearly report.pdf (Page 64)'],"TSMC 2024年合併營收為2,894,307,699,000元新台幣，數據來自2024年度報告的合併財務表，為最權威且精確的數字。","{'avg_score': 0.3436, 'max_score': 0.8673, 'score_range': 0.7027, 'final_results': 10}","{'retrieval_time_s': 8.939, 'generation_time_s': 5.593, 'total_time_s': 14.541, 'input_tokens': 21512, 'output_tokens': 43, 'total_tokens': 21555, 'throughput_tokens_per_second': 1482.31, 'start_time': 1755072545.486478, 'end_time': 1755072560.027968}",False
AI server 企業型用戶大概可以分成幾種 ? 這幾種各自佔整體客戶比例為何 ?,"2025年高階AI伺服器企業型用戶主要可分為四種：
1. 北美大型雲端業者，佔比約70.4%
2. 企業客戶，佔比約20.3%
3. 中系雲端業者，佔比約8.0%
4. 其他，佔比約1.3%
整體來看，北美大型雲端業者仍為最大客戶群，但企業客戶及中系雲端業者的比例也顯著，顯示市場客戶結構多元。",high,['無備忘錄版_digitimes_2025年全球AI伺服器出貨將達181萬台\u3000高階機種採購不再集中於四大CSP.pptx (Slide 5)'],2025年高階AI伺服器企業型用戶可分為四種，北美大型雲端業者佔70.4%，企業客戶佔20.3%，中系雲端業者佔8.0%，其他佔1.3%。此分類及比例來自DIGITIMES 2025年5月報告，數據可信且反映市場多元化趨勢。,"{'avg_score': 0.4827, 'max_score': 0.8706, 'score_range': 0.5833, 'final_results': 10}","{'retrieval_time_s': 18.65, 'generation_time_s': 9.176, 'total_time_s': 27.843, 'input_tokens': 4179, 'output_tokens': 135, 'total_tokens': 4314, 'throughput_tokens_per_second': 154.94, 'start_time': 1755073289.298503, 'end_time': 1755073317.141373}",False
2025 年預計 AI server 出貨達幾台 ?,"2025年全球AI伺服器預計出貨量將達1,810,900台（181萬台），其中高階AI伺服器約1,087,900台。此數據來自DIGITIMES 2025年5月報告，具有高度可信度。",high,"['無備忘錄版_digitimes_2025年全球AI伺服器出貨將達181萬台\u3000高階機種採購不再集中於四大CSP.pptx (Slide 1)', '無備忘錄版_digitimes_2025年全球AI伺服器出貨將達181萬台\u3000高階機種採購不再集中於四大CSP.pptx (Slide 4)']","2025年全球AI伺服器出貨量預計達1,810,900台（181萬台），其中高階AI伺服器約1,087,900台，數據來自DIGITIMES 2025年5月報告，可信度高。","{'avg_score': 0.7219, 'max_score': 0.8882, 'score_range': 0.305, 'final_results': 10}","{'retrieval_time_s': 11.683, 'generation_time_s': 5.767, 'total_time_s': 17.467, 'input_tokens': 4160, 'output_tokens': 66, 'total_tokens': 4226, 'throughput_tokens_per_second': 241.95, 'start_time': 1755073335.287019, 'end_time': 1755073352.7537541}",False
Dell 2025年預計出貨量是多少？,"根據DIGITIMES 2025年5月報告，Dell 2025年高階AI伺服器預計出貨量為116,600台（11萬6千6百台）。",high,"['無備忘錄版_digitimes_2025年全球AI伺服器出貨將達181萬台\u3000高階機種採購不再集中於四大CSP.pptx (Slide 7)', '無備忘錄版_digitimes_2025年全球AI伺服器出貨將達181萬台\u3000高階機種採購不再集中於四大CSP.pptx (Slide 11)']","Dell 2025年高階AI伺服器出貨量預估為116,600台，數據來自DIGITIMES 2025年5月報告中品牌商出貨量預估，可信度高。","{'avg_score': 0.4509, 'max_score': 0.8528, 'score_range': 0.7067, 'final_results': 10}","{'retrieval_time_s': 14.265, 'generation_time_s': 7.603, 'total_time_s': 21.89, 'input_tokens': 4173, 'output_tokens': 46, 'total_tokens': 4219, 'throughput_tokens_per_second': 192.73, 'start_time': 1755073528.726795, 'end_time': 1755073550.617032}",False
--help,您輸入的「--help」為指令請求，但本系統主要協助解讀TSMC財務報告及相關分析，請您提供具體問題或需求，我將協助您進行詳細解讀與分析。,high,[],用戶輸入的「--help」為指令請求，但上下文為TSMC年報內容，缺乏相關指令說明資料，無法直接回答。建議用戶提供具體問題以利協助。,"{'avg_score': 0.4853, 'max_score': 0.7586, 'score_range': 0.63, 'final_results': 10}","{'retrieval_time_s': 21.87, 'generation_time_s': 5.743, 'total_time_s': 27.634, 'input_tokens': 26458, 'output_tokens': 53, 'total_tokens': 26511, 'throughput_tokens_per_second': 959.36, 'start_time': 1755074133.990269, 'end_time': 1755074161.624192}",False
What is the AI server shipment forecast for 2025?,"根據DIGITIMES 2025年5月報告，2025年全球AI伺服器出貨量預計達1,810,900台（181萬零九百台），其中高階AI伺服器出貨量約為1,087,900台（108萬7千9百台），整體出貨量突破180萬台大關，高階機種佔比持續提升，顯示市場需求正向高階產品集中。",high,"['無備忘錄版_digitimes_2025年全球AI伺服器出貨將達181萬台\u3000高階機種採購不再集中於四大CSP.pptx (Slide 4)', '無備忘錄版_digitimes_2025年全球AI伺服器出貨將達181萬台\u3000高階機種採購不再集中於四大CSP.pptx (Slide 11)']","2025年全球AI伺服器預計出貨1,810,900台，其中高階AI伺服器佔1,087,900台，整體出貨量突破180萬台，且高階機種佔比持續增加，顯示市場需求向高階產品集中。","{'avg_score': 0.7695, 'max_score': 0.8787, 'score_range': 0.2356, 'final_results': 10}","{'retrieval_time_s': 14.043, 'generation_time_s': 6.285, 'total_time_s': 20.347, 'input_tokens': 4083, 'output_tokens': 106, 'total_tokens': 4189, 'throughput_tokens_per_second': 205.87, 'start_time': 1755074271.8704069, 'end_time': 1755074292.21783}",False
在全球前十大 AI 高階伺服器客戶中，哪一間客戶的 2025 成長率是最高的，為什麼？,在全球前十大AI高階伺服器客戶中，Oracle於2025年的成長率最高，達4.22倍（422%）。這主要是因為Oracle積極與OpenAI合作，並受惠於其Stargate計畫推動企業AI伺服器需求大幅成長，使其採購量從2023年的5千台大幅提升至2025年的130.5千台，成為成長動力最強的客戶。,high,"['無備忘錄版_digitimes_2025年全球AI伺服器出貨將達181萬台\u3000高階機種採購不再集中於四大CSP.pptx (Slide 6)', '無備忘錄版_digitimes_2025年全球AI伺服器出貨將達181萬台\u3000高階機種採購不再集中於四大CSP.pptx (Slide 11)']",2025年全球前十大高階AI伺服器客戶中，Oracle以4.22倍的年增率成長最高，主要因其與OpenAI合作及Stargate計畫推動企業AI伺服器需求大幅提升。,"{'avg_score': 0.6144, 'max_score': 0.8896, 'score_range': 0.5681, 'final_results': 10}","{'retrieval_time_s': 14.826, 'generation_time_s': 8.156, 'total_time_s': 23.02, 'input_tokens': 4359, 'output_tokens': 107, 'total_tokens': 4466, 'throughput_tokens_per_second': 194.0, 'start_time': 1755074889.80065, 'end_time': 1755074912.820935}",False
1Q23 net income,"根據現有資料，台積電2023年第一季淨利數字未直接揭露，且Excel季度資料中無相關財務數據，僅有2023全年淨利約為838,497,664,000元(約8385億)；建議查閱台積電官方2023年第一季財報以取得準確淨利數字。",high,"['tsmc_2024_yearly report.pdf (Page 64)', 'excel_FS-Consolidated_1Q25.xls Sheet: Quarterly (IS)']",現有資料中無2023年第一季淨利具體數據，Excel季度表非財務數據，年度報告僅提供全年淨利，故無法精確回答1Q23淨利，建議查閱官方2023年第一季財報。,"{'avg_score': 0.3485, 'max_score': 0.8516, 'score_range': 0.7162, 'final_results': 10}","{'retrieval_time_s': 10.147, 'generation_time_s': 5.443, 'total_time_s': 15.596, 'input_tokens': 34207, 'output_tokens': 87, 'total_tokens': 34294, 'throughput_tokens_per_second': 2198.86, 'start_time': 1755075091.602921, 'end_time': 1755075107.1991858}",False
How did TSMC’s annual revenue and net income evolve over the last 3–5 years?,"根據TSMC 2024年年報資料，2024年合併營收為2,894,307,699,000元（約2兆8千9百億），較2023年2,161,735,841,000元（約2兆1千6百億）成長34%；淨利為1,172,431,759,000元（約1兆1千7百億），較2023年837,767,517,000元（約8千3百億）成長40%。由於缺乏2022年及以前的具體數據，無法完整呈現3至5年完整趨勢，但近兩年數據顯示TSMC營收與淨利均有顯著成長，反映公司在半導體產業持續擴張與獲利能力提升。",high,"['tsmc_2024_yearly report.pdf (Page 64)', 'tsmc_2024_yearly report.pdf (Page 63)', 'tsmc_2024_yearly report.pdf (Page 65)']","根據2024年年報，TSMC 2024年合併營收為2,894,307,699千元，較2023年2,161,735,841千元成長34%；淨利為1,172,431,759千元，較2023年837,767,517千元成長40%。因缺乏更早年度數據，無法完整呈現3-5年趨勢，但近兩年數據顯示營收與淨利顯著成長，反映公司營運與獲利能力強勁。","{'avg_score': 0.3822, 'max_score': 0.8156, 'score_range': 0.6382, 'final_results': 10}","{'retrieval_time_s': 17.613, 'generation_time_s': 14.331, 'total_time_s': 31.951, 'input_tokens': 26695, 'output_tokens': 192, 'total_tokens': 26887, 'throughput_tokens_per_second': 841.52, 'start_time': 1755075182.1365068, 'end_time': 1755075214.087136}",False
"From 2020-2024, What’s the trend in gross margin—are there signs of pressure or expansion, especially when new nodes are introduced?",從2020年至2024年，TSMC的毛利率呈現穩定擴張趨勢。2024年合併毛利率為56.1%，較2023年的54.4%提升約1.7個百分點。毛利率提升主要來自先進製程（7奈米及更先進節點）營收比重從41%提升至69%，以及製程技術進步與良率提升。雖然新節點如3奈米及2奈米導入初期帶來一定成本壓力，但這些壓力被產能利用率提高、規模經濟及匯率有利因素抵銷，整體毛利率不但未受壓縮，反而有所擴張。整體而言，TSMC在新節點導入期間成功維持並提升毛利率，無明顯毛利率下滑的跡象。,high,"['tsmc_2024_yearly report.pdf (Page 64)', 'tsmc_2024_yearly report.pdf (Page 82)', 'tsmc_2024_yearly report.pdf (Page 51)']",TSMC 2020至2024年間毛利率呈現穩定擴張，2024年毛利率56.1%較2023年54.4%提升，主要受益於先進製程比重提升與製程技術進步。新節點（如3奈米、2奈米）導入初期成本壓力被良率提升及規模經濟抵銷，整體毛利率無明顯下滑跡象，反映公司持續維持毛利擴張趨勢。,"{'avg_score': 0.2746, 'max_score': 0.7061, 'score_range': 0.5652, 'final_results': 10}","{'retrieval_time_s': 9.751, 'generation_time_s': 15.725, 'total_time_s': 25.496, 'input_tokens': 24029, 'output_tokens': 212, 'total_tokens': 24241, 'throughput_tokens_per_second': 950.77, 'start_time': 1755075386.808397, 'end_time': 1755075412.304702}",False
How many 12-inch wafers do tsmc ship in 2024 ? And How is that compared to 2023 ? ,根據提供的TSMC 2024年年報資料，未找到明確的12吋晶圓出貨數量數據，因此無法提供2024年12吋晶圓的出貨量及與2023年的比較。文件中主要呈現技術研發、客戶結構及供應鏈採購金額，未包含具體晶圓片數。,high,"['tsmc_2024_yearly report.pdf (Page 51, 55)', 'tsmc_2024_yearly report.pdf (Page 5-10)']",文件中未直接提供TSMC 2023及2024年12吋晶圓出貨量數據，僅有相關技術與採購金額資訊，無法精確回答出貨量及年度比較問題。,"{'avg_score': 0.1814, 'max_score': 0.1931, 'score_range': 0.0229, 'final_results': 7}","{'retrieval_time_s': 6.775, 'generation_time_s': 8.582, 'total_time_s': 15.361, 'input_tokens': 9245, 'output_tokens': 88, 'total_tokens': 9333, 'throughput_tokens_per_second': 607.56, 'start_time': 1755075461.491625, 'end_time': 1755075476.8529449}",False
What is the revenue distribution by process node in 2024?,"2024年台積電晶圓收入中，7奈米及更先進製程占比69%，約1兆9千9百億新台幣（1,996,066,311,310元），其餘製程（包含10奈米、16FFC、28奈米等）占31%，約8千9百億新台幣（898,241,387,690元）。其他製程節點的具體收入分布未在年報中明確揭露。",high,"['tsmc_2024_yearly report.pdf (Page 82)', 'tsmc_2024_yearly report.pdf (Page 64)']",2024年TSMC晶圓收入中，7nm及更先進製程佔69%，約1兆9千9百億新台幣，其他製程佔31%，約8千9百億新台幣。具體其他製程節點收入未明確披露。,"{'avg_score': 0.2819, 'max_score': 0.7707, 'score_range': 0.6318, 'final_results': 10}","{'retrieval_time_s': 9.547, 'generation_time_s': 9.423, 'total_time_s': 18.975, 'input_tokens': 28064, 'output_tokens': 112, 'total_tokens': 28176, 'throughput_tokens_per_second': 1484.94, 'start_time': 1755075543.127536, 'end_time': 1755075562.102049}",False
12吋晶圓,"TSMC的12吋晶圓是公司核心製造平台，2024年四座12吋GIGAFAB®廠房（Fab 12, 14, 15, 18）合計產能超過12,740,000片12吋晶圓，支援從0.13微米至3奈米等多種先進及成熟製程技術。這些廠房由中央管理系統協調運作，確保生產品質穩定與彈性，並加速良率提升和量產時間縮短。2024年，TSMC亦在新竹及高雄設立2奈米先進製造廠房，並擴充嘉義及台南的先進封裝能力，進一步強化12吋晶圓的製造與封裝能力，維持其全球半導體代工領導地位。",high,"['tsmc_2024_yearly report.pdf (Page 104-105)', 'tsmc_2024_yearly report.pdf (Page 56)', 'tsmc_2024_yearly report.pdf (Page 50)']",TSMC 2024年年報明確指出，12吋晶圓是其主要製造平台，擁有超過1274萬片的產能，涵蓋多種先進製程技術，並由中央管理系統協調運作，確保品質與效率，且持續擴建先進製造與封裝設施以強化12吋晶圓生產能力。,"{'avg_score': 0.2196, 'max_score': 0.4082, 'score_range': 0.2814, 'final_results': 10}","{'retrieval_time_s': 6.748, 'generation_time_s': 14.135, 'total_time_s': 20.892, 'input_tokens': 25965, 'output_tokens': 204, 'total_tokens': 26169, 'throughput_tokens_per_second': 1252.57, 'start_time': 1755075599.549199, 'end_time': 1755075620.441468}",False
What is the R&D spending in 2024 ? What is the portion of R&D versus revenue ?,"2024年台積電的研發支出為63.61億美元，折合約1,940億新台幣（19,400,000,0000元）。研發支出佔2024年全年營收約7.1%。",high,"['tsmc_2024_yearly report.pdf (Page 36)', 'tsmc_2024_yearly report.pdf (Page 51)', 'tsmc_2024_yearly report.pdf (Page 64)']","2024年TSMC研發支出約為63.61億美元，折合約1,940億新台幣，佔全年營收約7.1%。此比例與財報中明確提及的7.1%一致，數據來源可靠且一致。","{'avg_score': 0.2529, 'max_score': 0.6966, 'score_range': 0.5596, 'final_results': 10}","{'retrieval_time_s': 9.481, 'generation_time_s': 6.92, 'total_time_s': 16.406, 'input_tokens': 28955, 'output_tokens': 57, 'total_tokens': 29012, 'throughput_tokens_per_second': 1768.36, 'start_time': 1755075657.384544, 'end_time': 1755075673.790737}",False
What is the total revenue of 2024 ?,"2024年台積電合併營收為2,894,307,699,000元新台幣（約2兆8千9百4十3億零7百萬零9千九百元），較2023年成長34%。",high,"['tsmc_2024_yearly report.pdf (Page 64)', 'tsmc_2024_yearly report.pdf (Page 63)']","2024年TSMC合併營收為2,894,307,699,000元新台幣，較2023年成長34%，數據來自官方年度合併財務報表，可信度高。","{'avg_score': 0.3014, 'max_score': 0.8509, 'score_range': 0.7166, 'final_results': 10}","{'retrieval_time_s': 8.245, 'generation_time_s': 8.093, 'total_time_s': 16.343, 'input_tokens': 28616, 'output_tokens': 57, 'total_tokens': 28673, 'throughput_tokens_per_second': 1754.48, 'start_time': 1755075789.51497, 'end_time': 1755075805.857728}",False
What is the 2024 EPS ?,台積電2024年基本每股盈餘(EPS)約為新台幣40元，較2023年成長約40%。此數據反映公司淨利大幅提升，顯示經營績效穩健成長。,high,"['tsmc_2024_yearly report.pdf (Page 64)', 'tsmc_2024_yearly report.pdf (Page 37)', 'tsmc_2024_yearly report.pdf (Page 30)']",根據TSMC 2024年合併財報淨利及股本數據，2024年基本每股盈餘約為新台幣40元，淨利較2023年成長約40%。此數據來自2024年合併財報主要財務指標，可信度高。,"{'avg_score': 0.3415, 'max_score': 0.7653, 'score_range': 0.6292, 'final_results': 10}","{'retrieval_time_s': 10.385, 'generation_time_s': 9.307, 'total_time_s': 19.696, 'input_tokens': 35570, 'output_tokens': 59, 'total_tokens': 35629, 'throughput_tokens_per_second': 1808.92, 'start_time': 1755075827.37483, 'end_time': 1755075847.071112}",False
2023年第一季的毛利是多少？,根據提供資料，2023年第一季的毛利數字未被披露，無法提供該季毛利的具體數字。,high,"['tsmc_2024_yearly report.pdf (Page 64)', 'tsmc_2024_yearly report.pdf (Page 63)', '無備忘錄版_digitimes_2025年全球AI伺服器出貨將達181萬台\u3000高階機種採購不再集中於四大CSP.pptx (Page 6)', '無備忘錄版_digitimes_2025年全球AI伺服器出貨將達181萬台\u3000高階機種採購不再集中於四大CSP.pptx (Page 7)']",2023年第一季毛利數據未於提供的年度合併或未合併財務報表中披露，且無季度分解資料，因此無法提供該季毛利數字。,"{'avg_score': 0.2675, 'max_score': 0.8325, 'score_range': 0.7084, 'final_results': 8}","{'retrieval_time_s': 7.825, 'generation_time_s': 6.596, 'total_time_s': 14.44, 'input_tokens': 26993, 'output_tokens': 34, 'total_tokens': 27027, 'throughput_tokens_per_second': 1871.71, 'start_time': 1755076102.71939, 'end_time': 1755076117.159103}",False
台積電2024年的營收和成本結構是什麼？,"台積電2024年合併營收為2,894,307,699,000元（約2兆8千9百億新台幣），成本為1,269,954,135,000元（約1兆2千7百億新台幣）。營收較2023年成長34%，成本成長29%。營收增加主要來自平均銷售價格上升、晶圓出貨量增加及匯率變動帶來的有利影響；成本增加則主要因銷售增加。整體成本結構與營收成長趨勢相符，反映公司營運效益提升。",high,['tsmc_2024_yearly report.pdf (Page 64)'],台積電2024年合併營收約2兆8千9百億新台幣，成本約1兆2千7百億新台幣，營收與成本均較2023年明顯成長，主因為銷售價格、出貨量及匯率變動影響，成本增加主要因銷售增加，整體成本結構合理且符合營收成長趨勢。,"{'avg_score': 0.3334, 'max_score': 0.8568, 'score_range': 0.7157, 'final_results': 10}","{'retrieval_time_s': 12.365, 'generation_time_s': 9.718, 'total_time_s': 22.102, 'input_tokens': 23303, 'output_tokens': 147, 'total_tokens': 23450, 'throughput_tokens_per_second': 1061.0, 'start_time': 1755076165.923093, 'end_time': 1755076188.0249531}",False
台積電2024年營收成長的主要原因是什麼？,台積電2024年營收成長的主要原因是平均銷售價格上升、晶圓出貨量增加，以及外匯匯率變動帶來的有利影響。這三者共同推動營收較2023年成長34%。,high,['tsmc_2024_yearly report.pdf (Page 64)'],台積電2024年營收成長34%，主要因平均銷售價格提升、晶圓出貨量增加及外匯匯率有利影響所致，這三項因素是推動營收成長的關鍵。,"{'avg_score': 0.3535, 'max_score': 0.6466, 'score_range': 0.5081, 'final_results': 10}","{'retrieval_time_s': 10.675, 'generation_time_s': 7.004, 'total_time_s': 17.702, 'input_tokens': 24699, 'output_tokens': 62, 'total_tokens': 24761, 'throughput_tokens_per_second': 1398.78, 'start_time': 1755076495.643308, 'end_time': 1755076513.345195}",False
台積電的公司治理結構是什麼？,"台積電的公司治理結構以董事會為核心，董事會負責監督管理層、制定公司策略及確保法規遵循。董事會下設三個主要委員會：
1. 審計與風險委員會，負責財務報告、內部控制及風險管理監督。
2. 薪酬與人力發展委員會，負責董事及高階主管薪酬政策與繼任規劃。
3. 提名、公司治理與永續發展委員會，負責董事選任及公司治理相關事務。
此外，董事會任命專職公司治理主管，協助董事會及各委員會運作及法規遵循。董事會成員具多元專業背景，並定期進行績效自評，整體治理架構完善且運作有效，符合台灣及國際相關規範。",high,"['tsmc_2024_yearly report.pdf (Page 25)', 'tsmc_2024_yearly report.pdf (Page 26)', 'tsmc_2024_yearly report.pdf (Page 31)', 'tsmc_2024_yearly report.pdf (Page 35)']",台積電董事會為公司治理核心，設有審計與風險委員會、薪酬與人力發展委員會、提名及公司治理委員會，並任命專職公司治理主管協助運作。董事會成員具多元專業背景，並定期自評績效。公司治理制度完善，內控系統有效，強調誠信與法規遵循，整體治理結構符合國內外規範，運作良好。,"{'avg_score': 0.5292, 'max_score': 0.7611, 'score_range': 0.5617, 'final_results': 10}","{'retrieval_time_s': 9.01, 'generation_time_s': 13.187, 'total_time_s': 22.222, 'input_tokens': 42924, 'output_tokens': 212, 'total_tokens': 43136, 'throughput_tokens_per_second': 1941.16, 'start_time': 1755076542.33988, 'end_time': 1755076564.561646}",False
/Users/alex/Desktop/ragv1/無備忘錄版_digitimes_2025年全球AI伺,"根據DIGITIMES 2025年報告，2025年全球AI伺服器出貨量將達1,810,900台（181萬台），其中高階AI伺服器出貨量將達1,087,900台（108.79萬台），占整體約7.07%。高階機種定義為配備4顆以上HBM AI加速器的系統，且出貨量將首次突破百萬台大關。

主要客戶以北美大型雲端業者為主，佔比約70.4%，企業客戶約20.3%，中系雲端業者約8%。品牌方面，甲骨文與戴爾出貨成長顯著，分別預估達130,500台與116,600台。代工廠中，鴻海與緯創因NVIDIA GB200/300主板訂單受惠，2025年L6代工出貨佔比合計約45%。

型態上，NVL72/36型態將成為主力，佔比約38.5%，UBB型機種佔比下降至約20.5%。整體市場呈現多元分散趨勢，高階機種採購不再集中於四大CSP，顯示市場競爭與需求多樣化。",high,"['無備忘錄版_digitimes_2025年全球AI伺服器出貨將達181萬台\u3000高階機種採購不再集中於四大CSP.pptx (Slide 1)', '無備忘錄版_digitimes_2025年全球AI伺服器出貨將達181萬台\u3000高階機種採購不再集中於四大CSP.pptx (Slide 2)', '無備忘錄版_digitimes_2025年全球AI伺服器出貨將達181萬台\u3000高階機種採購不再集中於四大CSP.pptx (Slide 4)', '無備忘錄版_digitimes_2025年全球AI伺服器出貨將達181萬台\u3000高階機種採購不再集中於四大CSP.pptx (Slide 5)', '無備忘錄版_digitimes_2025年全球AI伺服器出貨將達181萬台\u3000高階機種採購不再集中於四大CSP.pptx (Slide 6)', '無備忘錄版_digitimes_2025年全球AI伺服器出貨將達181萬台\u3000高階機種採購不再集中於四大CSP.pptx (Slide 7)', '無備忘錄版_digitimes_2025年全球AI伺服器出貨將達181萬台\u3000高階機種採購不再集中於四大CSP.pptx (Slide 8)', '無備忘錄版_digitimes_2025年全球AI伺服器出貨將達181萬台\u3000高階機種採購不再集中於四大CSP.pptx (Slide 9)', '無備忘錄版_digitimes_2025年全球AI伺服器出貨將達181萬台\u3000高階機種採購不再集中於四大CSP.pptx (Slide 10)', '無備忘錄版_digitimes_2025年全球AI伺服器出貨將達181萬台\u3000高階機種採購不再集中於四大CSP.pptx (Slide 11)']",2025年全球AI伺服器出貨量將達181萬台，其中高階AI伺服器出貨量突破百萬台，北美大型雲端業者仍為主要客戶，但高階機種採購分散於多家品牌與代工廠，甲骨文與戴爾出貨成長顯著，鴻海與緯創為主要代工受惠者，NVL72/36型態成為主流。,"{'avg_score': 0.7988, 'max_score': 0.8598, 'score_range': 0.2153, 'final_results': 10}","{'retrieval_time_s': 14.062, 'generation_time_s': 17.759, 'total_time_s': 31.829, 'input_tokens': 4304, 'output_tokens': 307, 'total_tokens': 4611, 'throughput_tokens_per_second': 144.87, 'start_time': 1755077238.4099462, 'end_time': 1755077270.239038}",False
12 wafer,"TSMC目前運營四座12吋晶圓廠（Fab 12、14、15及18），合計產能超過12,740,000片12吋晶圓，支援從0.13微米到3奈米製程技術及其子節點的生產，為公司主要的生產基地。",high,['tsmc_2024_yearly report.pdf (Page 105)'],TSMC目前擁有四座12吋晶圓廠，合計產能超過1274萬片12吋晶圓，涵蓋多種先進製程技術，是其主要生產基地。,"{'avg_score': 0.1955, 'max_score': 0.4184, 'score_range': 0.2816, 'final_results': 9}","{'retrieval_time_s': 6.666, 'generation_time_s': 12.372, 'total_time_s': 19.043, 'input_tokens': 26141, 'output_tokens': 78, 'total_tokens': 26219, 'throughput_tokens_per_second': 1376.82, 'start_time': 1755077278.987555, 'end_time': 1755077298.030772}",False
在全球前十大 AI 高階伺服器客戶中，哪一間客戶的 2025 成長率是最高的，為什麼？,在全球前十大AI高階伺服器客戶中，Oracle於2025年的成長率最高，達422%。這是因為Oracle受惠於其Stargate計畫，推動出貨量顯著增加，反映其積極擴大AI伺服器採購以配合企業AI應用需求。,high,"['無備忘錄版_digitimes_2025年全球AI伺服器出貨將達181萬台\u3000高階機種採購不再集中於四大CSP.pptx (Slide 6)', '無備忘錄版_digitimes_2025年全球AI伺服器出貨將達181萬台\u3000高階機種採購不再集中於四大CSP.pptx (Slide 11)']",2025年全球前十大AI高階伺服器客戶中，Oracle的成長率最高，達422%。主要原因是Oracle受惠其Stargate計畫推動出貨大幅增加，顯示其積極擴展AI伺服器採購以支援企業AI需求。,"{'avg_score': 0.6004, 'max_score': 0.8896, 'score_range': 0.5679, 'final_results': 10}","{'retrieval_time_s': 11.089, 'generation_time_s': 7.438, 'total_time_s': 18.531, 'input_tokens': 4493, 'output_tokens': 77, 'total_tokens': 4570, 'throughput_tokens_per_second': 246.62, 'start_time': 1755077317.7108212, 'end_time': 1755077336.241566}",False
Dell 2025年預計出貨量是多少？,"根據DIGITIMES 2025年5月報告，Dell 2025年高階AI伺服器預計出貨量為116,600台（11萬6千6百台）。",high,"['無備忘錄版_digitimes_2025年全球AI伺服器出貨將達181萬台\u3000高階機種採購不再集中於四大CSP.pptx (Slide 7)', 'tsmc_2024_yearly report.pdf (Page 6)']","Dell 2025年高階AI伺服器出貨量預估為116,600台，數據來自DIGITIMES 2025年5月報告，且在兩份資料中數據一致，可信度高。","{'avg_score': 0.4361, 'max_score': 0.8528, 'score_range': 0.6353, 'final_results': 10}","{'retrieval_time_s': 12.044, 'generation_time_s': 6.068, 'total_time_s': 18.121, 'input_tokens': 4367, 'output_tokens': 46, 'total_tokens': 4413, 'throughput_tokens_per_second': 243.53, 'start_time': 1755077383.8763862, 'end_time': 1755077401.997437}",False
在 OEM 業者表現中，哪一間在2025年間是表現最好的 ? 原因是什麼 ?,"在2025年OEM業者表現中，Dell是表現最好的。原因是Dell受惠於Tier 2雲端業者大單，出貨量預估達116,600台，年增率高達87.9%，在OEM業者中成長最快且出貨量最大，展現其在高階AI伺服器市場的競爭優勢。",high,"['無備忘錄版_digitimes_2025年全球AI伺服器出貨將達181萬台\u3000高階機種採購不再集中於四大CSP.pptx (Slide 7)', '無備忘錄版_digitimes_2025年全球AI伺服器出貨將達181萬台\u3000高階機種採購不再集中於四大CSP.pptx (Slide 11)']",2025年OEM業者中，Dell以116.6千台出貨量和87.9%年增率領先，且Slide 11明確指出Dell表現最佳，原因是受惠Tier 2雲端業者大單，展現強勁成長動力。,"{'avg_score': 0.5725, 'max_score': 0.8629, 'score_range': 0.581, 'final_results': 10}","{'retrieval_time_s': 11.957, 'generation_time_s': 10.229, 'total_time_s': 22.194, 'input_tokens': 11229, 'output_tokens': 88, 'total_tokens': 11317, 'throughput_tokens_per_second': 509.92, 'start_time': 1755077408.0545988, 'end_time': 1755077430.248472}",False
